FileName,min1,max1,avg1,stdev1,p10_1,p90_1,min2,max2,avg2,stdev2,p10_2,p90_2,min3,max3,avg3,stdev3,p10_3,p90_3,min4,max4,avg4,stdev4,p10_4,p90_4,min5,max5,avg5,stdev5,p10_5,p90_5,min6,max6,avg6,stdev6,p10_6,p90_6,min7,max7,avg7,stdev7,p10_7,p90_7,area_3,area_7,nbUp1,nbDown1,nbIdle1,tUp1,tDown1,tIdle1,Total1,nbUp2,nbDown2,nbIdle2,tUp2,tDown2,tIdle2,Total2,nbUp3,nbDown3,nbIdle3,tUp3,tDown3,tIdle3,Total3,nbUp6,nbDown6,nbIdle6,tUp6,tDown6,tIdle6,Total6,nbUp7,nbDown7,nbIdle7,tUp7,tDown7,tIdle7,Total7,RangeA
u00012,9,745,500.6855542,119.3018638,394,695,6,783,521.8137741,152.0397823,311,676,0,706,400.2423039,153.423547,152,572,59,617,444.9031746,76.42171398,355,543,91,733,643.8812785,62.76503245,575,700,16,709,459.9224652,175.9342368,190,672,22,699,445.166849,121.8906302,251,559,22688400,38433530,5,5,9,5886,12069,999,18954,19,20,15,8356,13668,4726,26750,57,58,4,18188,15167,2612,35967,21,22,3,6141,7572,530,14243,29,29,8,6801,13751,4529,25094,Mild
u00020,5,775,598.2836134,142.2195893,413,732,12,731,443.0201613,150.0752275,247,652,0,856,534.4033898,161.5995896,302,700,23,935,648.565589,174.4600669,444,874,119,909,823.4266777,57.38549968,773,876,33,844,593.5145396,176.0473388,366,810,0,854,461.2912773,150.7872184,247,633,33067864,37799386,6,7,5,3878,7169,939,11986,20,21,8,9306,11204,1672,22182,58,59,2,9994,13324,169,23487,21,22,10,9453,9322,2623,21398,33,27,12,7917,14433,1181,23531,Mild
u00028,12,926,719.4045643,158.404533,509,852,1,730,372.5123305,180.3767174,126,614,0,707,347.262605,125.3036306,167,492,17,526,258.9016949,117.7689492,106,432,68,843,683.9717949,114.860821,617,786,0,853,465.7765363,200.0207686,201,775,0,883,325.005787,137.2743945,121,482,10638757,11484810,2,3,3,1930,7248,412,9590,24,25,9,11247,12219,1128,24594,61,58,12,15229,14310,2728,32267,22,23,13,11193,9437,3919,24549,65,65,9,12086,13011,1002,26099,Mild
u00037,35,1023,862.8585996,138.8633758,721,1014,1,916,562.0473174,207.8240201,244,827,0,1001,646.1882353,202.1923679,330,850,19,593,437.4426036,99.13094209,308,540,138,963,842.1356643,95.47601397,808,908,9,1023,668.0334262,192.7933604,417,852,5,1023,634.3520381,175.6257561,382,812,15219432,21786244,1,1,3,1300,11049,773,13135,18,18,14,13029,20197,2495,35734,65,66,13,11255,15994,3894,31143,21,22,28,18005,13523,5814,37342,52,53,11,10150,14232,3048,27430,Mild
u00048,7,997,867.0663868,117.6907623,797,943,8,901,740.1401869,165.8899445,563,875,10,826,545.9613993,166.4813538,290,717,11,734,513.359116,123.4079218,340,637,95,850,762.8880427,62.82423545,708,819,0,993,687.5988585,181.4447427,461,867,4,1023,493.4253545,141.2715193,316,642,10596928,16124049,5,6,28,8307,28661,2650,39618,18,16,24,16864,32178,2936,52017,59,59,8,22525,18726,1822,43086,29,17,44,29045,18358,9990,57406,57,58,11,21634,27089,4630,53353,Mild
u00094,0,660,291.8144654,156.4892193,74,490,0,663,317.6593199,131.6933117,118,485,4,646,314.7164009,137.5804613,100,471,98,461,302.1886326,52.60380781,241,369,55,679,565.3963816,62.67095431,508,629,0,707,412.7384306,175.8823814,154,614,0,740,341.1838917,151.0544737,113,513,8887407,6851640,16,16,28,10137,4801,2548,17499,27,28,27,19742,11970,7763,39475,71,72,24,18889,13244,6899,39032,26,27,27,12502,11235,9542,33279,58,59,15,11497,10571,5724,27792,Mild
u00098,7,897,607.8541973,197.3682996,321,813,2,923,507.8549052,214.1021672,222,806,0,950,521.505638,151.4976094,316,681,11,976,798.9212868,126.5575129,654,916,185,911,827.0512266,54.22494506,787,876,8,887,525.793379,188.35383,272,762,0,806,488.8726467,127.2327914,302,616,26704534,21738044,8,5,14,5225,5081,2970,13276,20,21,13,6132,9132,3390,18654,64,64,10,8757,12685,1570,23012,25,26,25,6237,6611,4017,16865,49,37,22,6326,13497,2757,22580,Mild
u00131,4,870,489.9864365,160.9948119,287,680,9,744,455.9895961,149.0598889,224,620,0,857,519.2059419,167.8123393,286,702,48,386,247.1593137,59.10147532,193,341,81,784,624.69869,77.8794223,568,751,0,990,597.6133333,144.9716727,454,733,4,1023,534.6249295,153.5707269,347,682,7653787,13449130,11,12,6,6696,6107,430,13233,26,27,22,16115,12309,2631,31055,68,69,14,16520,11162,4817,32499,19,20,11,12174,10165,3694,26033,40,41,14,9337,13348,5479,28164,Mild
u00135,1,611,455.2426096,125.6092266,339,552,0,693,423.2760098,157.2868021,137,592,0,748,502.4605201,147.2749112,293,662,8,478,331.938326,102.2014568,172,447,61,694,585.8105727,113.4615614,479,684,0,689,480.9405475,136.9595806,328,619,0,702,512.4330269,136.2779732,371,658,16178129,20971245,16,17,12,4102,7386,1412,12900,50,50,19,9941,12310,3389,25653,75,76,4,8685,15923,1509,26117,54,55,24,14174,17609,4533,36316,64,65,17,11709,22936,2643,37288,Mild
u00158,2,675,423.2278245,168.0502384,169,626,1,806,427.8159509,180.5587889,137,626,5,866,523.3799534,152.4516006,317,685,39,388,300.8174387,42.00346636,245,342,48,619,476.5979143,67.58572348,383,562,0,809,406.7881679,191.9980822,143,678,7,829,522.6350826,126.5950233,365,665,12218729,28415022,12,12,15,6661,8064,1699,16437,24,25,17,8903,12268,1333,22504,56,57,5,6876,12921,1038,20835,25,26,19,11616,7905,2792,22313,27,28,2,4949,15497,593,21039,Mild
u00159,29,810,557.4893928,144.3961263,381,768,7,822,544.5232862,161.9881204,326,715,0,771,527.597389,142.9011916,324,654,44,599,453.4324675,85.49751126,331,540,145,820,709.472119,66.32807327,650,783,3,819,561.4051535,155.5105223,370,748,15,848,543.9403126,131.8245504,390,699,16645511,26451266,1,2,1,782,10277,48,11107,17,18,15,6997,14382,1282,22661,58,58,8,8237,14402,875,23527,27,27,30,12133,13719,3049,28914,26,27,7,5516,15880,759,22155,Mild
u00169,0,990,647.7742806,243.5624043,267,904,0,899,576.8022096,215.4935861,232,819,0,760,458.9769776,154.8923604,215,636,29,684,570.3807925,92.65498165,470,644,152,1023,888.5295527,82.50516979,797,991,29,1009,658.7673087,194.6452716,390,890,1,906,585.9358974,140.9466223,430,706,11189181,20742606,21,21,9,10954,8366,1247,20580,36,37,26,19331,21132,5011,45474,70,71,4,11720,12761,213,24694,24,25,25,11018,14472,3085,28575,32,33,6,6037,17020,2909,25966,Mild
u00174,0,878,609.7198252,146.4695482,478,746,0,1017,653.3374706,171.5224727,505,841,0,798,537.4194273,161.7602535,332,693,33,706,599.0275229,72.49159525,527,664,100,918,748.3730255,114.0449312,540,852,0,949,604.5725983,177.7212429,381,786,0,793,494.3968463,155.7355948,282,648,14459204,26815487,26,27,14,7084,13788,1981,22853,69,68,43,16531,35150,12349,64056,76,77,3,10434,13404,1972,25810,38,39,15,12559,13799,9487,35845,48,49,9,10970,11466,4164,26600,Mild
u00184,4,1006,619.5657492,231.0615912,256,871,10,895,549.0128505,185.4403416,302,784,0,901,489.7609409,156.7389285,278,667,8,599,498.6970339,80.41614558,438,559,61,930,859.650514,78.94824088,797,913,0,892,563.8086319,167.0230063,362,795,0,737,352.2898785,134.9190995,158,502,39851044,23087448,11,12,12,7172,4933,1818,13923,17,18,13,6739,6445,1805,14989,63,64,3,8822,13763,2841,25426,23,23,10,6994,9251,1149,17407,63,64,17,21633,18616,11715,51964,Mild
u00191,1,721,480.856403,140.9842683,282,618,0,745,424.74122,169.1000069,161,601,0,727,461.0595238,144.8056758,258,625,37,497,410.0371308,76.95386455,338,480,38,818,742.2913554,73.33644705,687,799,0,746,470.0411407,164.4139696,267,691,0,910,473.181428,136.3132251,275,602,10002328,7738920,15,16,5,11102,15994,344,27440,30,31,8,13147,16298,1427,30872,57,58,3,10921,19607,1562,32090,22,23,6,11571,16109,3524,31204,61,62,5,10951,19297,3325,33573,Mild
u00221,3,823,521.2216606,168.8814805,302,713,0,925,617.9168297,183.4597883,347,790,0,821,500.4956027,150.3579153,299,653,2,538,353.7352941,148.7920024,114,509,43,921,795.3213213,98.97868866,730,900,0,964,707.1231625,203.8589905,427,946,1,913,607.7532836,149.4110734,441,785,7794248,15297856,10,10,14,8726,10420,7019,26165,31,32,28,21614,30762,16019,68395,66,67,3,13222,14562,1359,29143,24,20,20,11676,18895,9643,40214,50,44,18,11433,21152,6003,38601,Mild
u00227,9,626,448.8992081,119.8413453,273,560,0,800,520.2451436,153.7860173,327,710,0,978,568.4014599,165.5952629,314,741,40,733,602.4765957,109.781361,515,718,4,884,802.5525362,101.6228435,724,874,0,912,625.7539245,139.7622905,485,775,7,1023,596.7313916,147.0341757,417,756,29318177,30998519,9,10,10,8830,10457,624,19911,23,24,15,17872,27508,17723,63103,64,65,6,16266,17543,5578,39387,44,43,30,41594,53211,16105,110936,37,34,18,10223,18578,8585,37386,Mild
u00239,8,688,497.8315301,145.1763454,277,637,0,657,390.9225182,144.086226,175,558,8,753,484.470934,123.7282957,332,624,33,580,497.914956,86.36193561,442,549,39,745,573.2857143,114.8615738,481,710,3,935,624.4652632,165.6499297,429,820,0,886,462.6048925,144.8352087,254,622,9670230,14076435,11,12,16,5268,4875,7827,17970,30,31,13,13801,9348,4519,27668,55,56,9,8970,11537,2249,22756,20,21,13,7920,7166,3282,18368,47,48,14,8645,10156,3928,22729,Mild
u00005,13,529,324.204797,116.6011711,147,455,4,566,294.0268987,127.3396198,116,459,2,732,423.5440075,147.5688667,186,588,68,537,416.899705,102.7302809,247,513,116,850,718.562249,90.19771146,618,805,18,731,446.8096,181.1483755,206,664,0,767,465.787783,145.1284513,249,625,10919923,17759801,10,9,19,12238,12226,2161,26651,29,29,16,19466,19029,3973,42481,57,58,3,15451,16083,4726,36260,18,19,7,9669,9413,2928,22010,36,37,6,9184,14306,1150,24640,Moderate
u00015,1,844,586.5528402,159.8173037,372,779,3,861,598.8408367,198.3062588,341,819,11,639,377.1466594,131.425699,180,529,12,582,497.0050505,95.719712,423,557,27,667,568.5170068,92.94648567,466,640,5,962,392.1265345,284.9596314,112,905,4,571,250.0,89.56106532,128,357,9870207,26692389,5,4,3,7720,11371,717,19808,15,16,4,8808,16551,915,26274,57,58,6,10487,13868,684,25039,23,24,4,12580,7980,11397,31957,36,37,8,10335,16050,2722,29107,Moderate
u00021,21,961,602.6899841,183.4367245,378,860,2,903,561.0924195,184.250856,280,768,20,1018,694.3018135,198.0492511,404,900,24,632,528.1153153,68.36995079,475,581,100,1023,888.7444832,89.12212542,808,987,28,1023,801.5729823,186.9376798,571,984,11,1023,727.771097,188.7625229,465,904,32540914,13287146,9,10,7,6156,9468,1901,17525,22,23,22,13913,14513,4050,32476,57,58,10,14651,17437,2884,34972,23,24,16,10633,13149,2526,26308,56,57,5,9412,14278,1093,24783,Moderate
u00049,0,657,405.8103397,142.8638404,208,585,0,768,366.8423496,167.0002943,122,553,0,776,483.9193789,138.9738252,303,631,8,454,340.9734927,57.38596573,258,403,116,859,754.8617585,76.39150034,663,820,2,949,541.9704985,177.3057512,295,753,9,649,334.1924184,126.4865858,156,495,10525956,13488656,24,24,23,9930,25460,4899,40302,53,52,37,20546,37268,9126,66966,57,58,9,19339,25222,3458,48019,25,26,24,9534,14807,4840,29181,53,54,4,10650,15693,1518,27861,Moderate
u00052,42,924,702.9628571,103.6520429,636,778,16,876,664.9578415,173.8857905,403,826,11,881,479.834323,139.0830014,281,622,43,842,697.0547866,101.6975018,633,793,56,1023,975.1003764,80.41052054,945,1023,7,1023,680.2291542,254.5680385,338,1013,5,913,441.2565638,113.0164991,291,559,13251236,17805658,1,2,1,1323,7896,586,9805,15,14,15,7511,17827,1171,26522,54,55,10,5942,12675,1036,19653,20,21,11,10434,12547,1110,24091,37,38,7,4833,16339,1259,22431,Moderate
u00074,1,665,333.0882353,144.3419066,138,520,0,710,359.8098007,135.496763,161,518,8,727,337.2157926,130.503855,156,505,7,599,502.1524064,66.90826971,458,551,106,746,587.5190549,144.4130378,284,707,0,884,491.9496911,194.3240212,240,758,0,696,292.2334004,118.5777427,136,428,36487390,26579281,10,11,13,5561,4880,1336,11777,19,20,25,10089,9068,4196,23353,54,55,22,11454,12514,5216,29184,20,21,19,9440,8545,7022,25007,36,37,21,6325,11231,4335,21891,Moderate
u00086,22,667,552.1848617,117.3804803,431,645,0,622,368.8586185,140.131131,166,546,8,927,568.7026002,162.7244695,342,737,0,185,102.1014604,37.27604518,49,147,61,711,617.4434907,63.1960343,568,674,6,771,483.4118323,180.3024562,256,722,23,815,531.5684047,141.592272,338,686,29940015,20024363,1,2,3,999,5167,419,6585,16,17,9,6558,11659,10075,28292,55,56,7,8351,13897,1394,23642,24,23,15,10123,13086,4917,28139,40,41,18,6620,14582,3742,24944,Moderate
u00088,4,964,686.087256,187.8261181,427,849,0,866,613.5659357,181.0581426,368,802,19,821,499.4184397,155.7451952,276,672,25,462,375.9427313,64.73832066,271,439,42,918,770.411726,79.32756149,694,847,11,809,623.5057088,162.273559,394,778,12,815,534.6103352,138.4557672,334,664,7434074,11351064,11,9,26,10356,13084,4546,28012,31,32,27,15710,25057,5005,45772,62,57,12,10877,14812,2569,28258,20,21,24,9884,15814,7471,33169,40,31,23,6615,16085,3467,26167,Moderate
u00096,0,369,133.9617225,89.79226041,35,267,4,501,211.1824069,111.2537143,63,358,0,485,205.6074189,97.96897482,65,328,0,264,122.1553398,56.45934698,37,190,22,641,405.319978,130.3304179,254,591,0,490,256.6776365,119.5798785,70,395,6,894,254.0357143,117.4216141,107,380,19397719,20024435,9,10,4,8198,6304,504,15006,28,29,31,15941,13967,4296,34204,68,68,13,16396,14619,6314,37342,23,24,22,9994,10075,3281,23350,42,43,7,7714,13704,2285,23703,Moderate
u00104,0,1023,550.4479559,198.6671544,262,756,0,840,516.6215993,155.2189558,298,695,14,870,569.1653283,176.8724083,313,766,3,467,334.2775442,76.06932649,279,398,0,929,764.4213198,139.3082874,653,865,2,995,529.6221071,147.7091955,345,680,11,851,508.7317949,137.8204503,336,655,17416543,28395412,25,23,53,35693,29978,13033,78717,35,31,71,37155,45602,13215,96011,56,56,24,15251,15937,5938,37139,25,26,20,16836,21790,7742,46368,36,37,13,6876,14672,3147,24695,Moderate
u00108,8,811,489.1450677,157.2805813,266,664,0,745,375.4335956,166.3890921,153,632,0,878,390.4719139,172.491265,152,609,0,584,354.5009728,131.9022867,146,497,112,898,792.4754335,83.26812812,749,855,1,865,431.3038438,216.9905141,152,769,3,704,292.5178361,124.414946,130,441,30536895,29621869,5,6,5,5446,7779,542,13767,15,15,14,12045,16253,1187,29498,56,57,20,23814,22396,2857,49067,28,28,26,16059,12342,5507,33921,46,42,23,19383,19164,2180,40753,Moderate
u00109,9,760,427.5406852,162.9606438,176,641,0,759,445.3436314,161.4001813,211,625,1,667,355.8963283,140.9686297,140,523,68,693,562.4832176,57.36117409,496,628,43,947,854.6883988,65.63025122,803,910,5,884,529.4494382,191.9928163,302,808,7,636,345.1889269,117.3404027,176,483,26557694,19981414,11,12,13,7039,7047,2779,16865,24,25,28,10527,13898,5467,29892,63,64,15,13096,13954,4152,31202,30,30,43,16003,18763,15203,49969,48,49,22,8846,13204,3466,25516,Moderate
u00157,7,816,499.185118,162.0181706,296,704,3,841,487.2202845,175.8203079,254,729,1,1023,471.2675375,151.8677665,283,636,7,751,542.8806818,100.1125875,465,644,113,1013,900.9616935,78.26468419,833,968,1,974,597.1368681,216.2989021,339,878,0,1023,581.0769531,176.6957741,374,801,9618174,14933967,10,10,3,7064,8284,207,15568,24,25,12,10988,16403,938,28329,64,65,4,9857,15567,460,25884,27,27,7,9509,12211,452,22185,54,55,5,11245,19276,13373,43894,Moderate
u00160,16,985,573.6359833,201.696899,291,804,4,953,554.4513692,191.2001606,298,770,2,944,577.6668699,183.0773401,309,779,4,923,647.5479332,264.0268833,198,855,259,789,702.8829686,46.49617091,648,756,0,938,586.8949772,229.1343315,238,869,0,835,496.8981384,145.7727518,294,657,10030875,19929202,9,9,9,8531,7188,698,16430,22,22,13,12064,15932,5972,33981,59,60,5,25139,24707,2932,52778,23,24,7,12394,9906,5277,27577,39,36,12,13322,21404,3082,37808,Moderate
u00176,0,866,592.566429,180.9990737,381,831,0,1023,513.5253082,188.2574154,221,700,0,1023,648.4092715,181.0114475,412,847,13,734,607.4096386,111.9627938,505,711,36,902,820.9713564,101.201288,738,888,0,799,538.659118,187.642794,269,731,0,781,452.1297976,136.1974054,283,615,10928423,15529675,15,16,12,6886,11615,1112,19613,47,47,7,15066,23199,1295,39573,68,69,9,18911,22744,4318,45973,27,28,14,10979,12639,4442,28060,55,56,7,16886,21575,3753,42214,Moderate
u00193,0,683,347.6134615,189.7228031,74,572,0,733,443.7919041,175.192656,130,639,0,713,409.0084848,153.0452979,165,583,0,537,391.5015175,131.3806467,163,518,61,721,656.1132898,74.25779771,603,697,9,908,571.5763006,178.5330631,346,782,0,603,383.9587588,134.7850456,181,536,11981070,13742218,109,109,7,8213,19548,11245,39019,71,71,8,19783,38297,6692,64772,75,76,2,26782,24858,228,51868,20,21,5,16744,13028,239,30011,55,56,8,16539,19177,2244,37960,Moderate
u00199,2,834,534.9416569,176.2001075,263,716,1,817,466.1527869,155.5896949,244,622,1,867,543.3348818,160.7025811,316,724,44,504,393.3966667,81.09430896,281,449,43,804,702.1276596,117.9338375,601,784,19,920,617.7988737,165.2422555,392,781,0,917,540.1201717,139.6850324,358,701,45277030,52926383,10,11,6,5165,6454,1054,12673,20,20,14,7155,11470,3980,22605,62,63,8,13917,17844,3023,34784,23,24,11,7908,9373,3302,20583,45,46,11,7902,17545,1820,27267,Moderate
u00211,9,730,477.6070727,164.5774687,236,672,1,777,474.2792389,150.8950223,276,648,5,776,397.9115216,136.3967268,198,554,40,587,418.0911602,115.0351264,274,547,57,830,682.5876993,118.4117533,582,810,5,805,512.7717647,171.1742148,279,746,0,809,431.934547,148.3777777,231,609,24770352,20616403,10,11,1,8579,7675,46,16300,18,19,14,12552,13457,719,26728,61,62,10,14289,15494,1240,31023,24,25,12,13468,12809,2308,28585,51,52,9,13901,17373,1501,32775,Moderate
u00016,48,1023,969.4451689,110.1845661,908,1023,10,1023,732.7873333,225.8865859,438,975,8,912,500.0054387,167.3971633,248,688,58,833,754.2157598,106.1956468,717,818,112,946,846.5636856,106.7387194,785,911,3,902,560.6079652,233.0867788,256,864,6,1023,406.2663274,140.8642256,236,559,9521386,11209657,1,2,2,1285,12684,678,14647,14,15,8,9396,22569,2046,34011,58,59,3,15227,20762,916,36905,21,22,0,7538,12100,0,19638,30,31,7,11217,17754,4386,33357,Severe
u00017,6,969,723.8626667,189.6501285,500,921,17,1009,698.6123368,228.0098615,404,970,9,864,496.9594595,163.5746471,268,702,55,799,697.3072626,111.909705,631,777,46,751,646.2887324,112.2658055,512,728,7,602,294.0517395,187.39908,71,550,3,515,270.7130966,90.40473087,145,378,42427881,28210696,7,7,2,7345,11275,567,19200,14,13,5,9746,16686,1751,28183,53,54,6,13801,17275,27650,58726,19,20,2,6960,8443,189,15592,28,29,3,5937,13564,1499,21000,Severe
u00023,12,854,624.3194726,159.2125813,410,763,4,828,461.489011,178.0932458,249,709,10,919,595.3410231,172.8684828,340,763,22,606,365.7828947,141.6853196,154,523,160,1023,860.7591687,118.5881219,708,974,8,883,555.0713058,209.998172,288,841,0,924,543.2852405,156.7367601,334,715,9785020,22701508,8,9,1,4714,7425,46,12185,18,18,1,7567,12322,3453,23355,59,60,2,9236,15015,273,24524,18,19,9,10281,8770,3164,22215,38,38,5,11228,13610,767,25618,Severe
u00026,4,751,419.3702506,129.7266058,221,540,6,756,421.8262044,146.278506,191,584,8,739,419.4842319,153.6724136,175,582,0,478,296.0689917,118.1535571,138,437,98,727,620.846696,64.31952401,539,687,13,773,538.5834586,163.799491,319,732,0,1002,484.9955031,128.0884071,314,621,10331284,22629568,14,15,28,16155,9314,6814,32283,34,34,26,26329,16728,4707,47777,66,67,17,19229,14826,5198,39253,31,32,28,21776,15046,11060,47882,33,34,8,6803,13395,2650,22848,Severe
u00033,0,953,638.6081923,211.9403727,339,883,0,806,433.5570258,183.7499871,186,673,0,825,508.9614458,168.4168269,262,707,54,584,387.6099831,118.8229501,248,527,54,975,795.1485981,124.6746163,632,917,1,973,560.6442671,210.6005555,270,806,3,851,430.4268097,142.9842916,226,589,11139048,33308087,7,8,2,4360,8452,1320,14132,25,26,11,13335,11957,6301,31593,61,62,5,10317,12499,2835,25651,23,23,13,13644,17915,1124,32683,39,40,2,7388,14042,3186,24616,Severe
u00053,5,537,302.3282828,106.2867161,170,435,5,982,333.3051345,120.4999362,191,457,1,715,347.8309397,133.4715678,167,514,18,508,367.0403868,79.67700924,281,454,19,664,491.303559,75.601152,402,574,10,744,471.3615686,156.4052778,269,679,10,845,375.2378399,114.3983316,244,504,10434018,11186309,9,9,18,10990,8937,2204,22144,25,26,27,11567,15399,5133,32099,64,53,24,17419,18265,4440,40124,23,24,21,8587,9615,3494,21696,46,42,26,9841,19631,9244,38729,Severe
u00056,6,1023,611.1766098,199.7644268,365,839,0,862,449.9754964,206.1679249,175,717,6,700,380.1764327,135.3941022,184,536,8,806,699.6554667,123.9125966,640,778,80,871,783.0714286,75.49951228,749,841,0,899,448.0632813,228.3694486,200,846,20,809,378.8,99.09224631,265,483,34697719,44239926,9,10,12,8817,15889,4196,28902,27,28,19,14788,17830,6188,38806,58,59,8,12668,11705,3875,28248,25,26,13,10907,9654,3501,24062,28,29,13,5434,12918,1422,19774,Severe
u00075,12,726,585.1803714,116.1757716,474,703,1,829,500.7829787,183.1869919,258,695,0,634,331.1440086,126.133837,132,474,7,488,398.8725361,54.44614003,346,451,31,803,682.6219363,95.1551759,587,763,0,784,467.0130435,209.0452905,195,751,0,650,214.6529115,97.8227433,79,339,12772633,13759784,2,3,1,2059,8505,524,11088,14,12,15,15710,21183,2502,39395,57,57,12,14465,13999,2174,30651,20,20,20,12119,13848,5407,31387,37,38,15,7547,16413,3071,27031,Severe
u00117,63,1023,965.865867,114.9752038,873,1023,13,1023,775.3870761,177.3462163,587,946,6,1023,738.8129219,191.6554527,457,916,39,656,575.886118,65.07503284,541,631,46,878,812.3962264,79.12511871,798,849,6,1023,790.5880361,167.2252464,592,931,23,1023,640.2083582,160.2865458,418,791,49760438,18288854,1,2,2,602,6893,523,8018,13,14,20,5653,11767,2289,19709,58,59,27,9244,15626,4238,29108,17,18,17,6586,13334,2180,22100,42,43,12,4888,12620,1114,18622,Severe
u00161,19,782,641.3646724,100.5523054,517,746,1,803,529.7614238,144.5064377,345,669,1,725,449.680791,139.2522109,242,590,61,510,339.80563,62.93672988,257,415,0,837,663.5120712,87.84998081,579,778,3,867,570.43309,155.2282196,378,699,7,833,495.3933108,150.003241,281,655,16574815,17015768,1,2,3,1203,7918,143,9264,18,19,8,7020,15646,376,23042,67,68,5,14472,18662,831,33965,23,24,18,9737,12386,1864,23987,47,48,3,7684,17775,209,25668,Severe
u00175,0,901,685.92302,194.3198966,423,845,0,853,601.4196632,183.3092049,368,784,1,808,504.2310688,146.051175,292,652,7,445,365.0033445,77.3238075,315,423,153,844,792.0901706,42.79198116,770,821,0,849,527.0951894,185.050002,304,799,10,759,470.6267717,123.8957371,313,609,17003639,33854411,14,14,21,10273,10135,2378,22786,29,30,16,10813,16535,2789,30137,66,67,5,13523,17408,746,31677,42,42,23,17659,22065,4271,44008,43,44,6,7602,19125,3521,30248,Severe
u00194,0,562,244.2482436,145.537897,59,470,0,544,273.6452195,127.189339,82,422,0,644,412.4951456,143.6316588,201,567,9,642,503.5096333,131.9278506,360,626,33,920,769.95791,91.34032048,666,883,1,759,441.8756531,171.2162946,186,666,0,687,480.3640577,145.2639049,248,614,6970269,10184062,10,10,5,16332,6427,663,23435,34,34,8,15911,12515,1818,30257,58,59,8,17572,12420,8243,38235,41,42,19,19489,14429,7984,41902,65,62,11,9640,14586,4289,28528,Severe
u00197,7,788,514.3812625,172.8227841,296,724,0,820,536.9935302,172.2461357,312,736,6,832,497.9720786,151.4943609,290,664,60,442,369.6956522,57.34415985,323,424,102,999,892.0157171,108.1985805,808,964,0,1023,670.4086433,213.6884126,410,964,0,811,489.0372093,135.308384,304,639,19273783,25616424,13,13,21,14996,15025,4418,34452,29,30,28,20228,26742,8591,55561,64,65,3,13143,14562,2315,30020,20,21,8,11602,13771,3689,29062,37,38,6,8341,16190,3337,27868,Severe
u00201,15,1023,816.8804921,202.5629445,567,997,3,937,616.1472868,206.8668462,349,846,1,855,466.7403433,153.3019157,240,620,17,431,327.2770701,83.88560777,207,405,66,943,736.5086207,151.4361835,577,917,3,915,619.7617801,218.5742584,306,876,7,744,458.7873737,122.3506411,296,587,24654980,22311975,4,5,5,2541,8560,330,11431,25,26,23,12818,16518,1968,31304,57,58,9,11459,14049,12236,37744,22,22,29,10183,14366,3371,27933,33,31,10,5738,14609,2901,23248,Severe
u00208,0,944,667.4989926,173.7346579,440,818,2,935,669.1227803,202.1007643,385,873,8,1017,649.7612232,189.6668052,377,846,70,774,607.9456681,130.8381296,444,743,35,1023,946.2056452,119.4049435,906,1023,14,1023,786.9971778,213.9565337,499,1023,8,1023,611.4160905,168.9577681,384,792,19125406,28349175,6,6,9,7143,11194,2852,21202,20,19,27,13123,14812,7230,35191,55,56,19,9959,11586,8895,30440,20,21,27,7199,8015,8204,23418,35,36,27,5530,11980,4325,21835,Severe
u00212,17,867,698.3110647,127.9220198,540,830,0,867,527.0808824,199.4031623,239,753,6,845,487.2183138,165.6951695,262,692,180,944,794.7597173,109.3582126,753,910,46,840,706.2952381,146.9732396,547,809,29,822,555.1174334,164.7607176,323,752,0,1023,452.1754983,151.9111705,262,636,16818285,34070593,1,2,2,534,7201,544,8279,18,19,18,7119,10242,1444,18805,59,60,39,14163,13481,4359,32003,18,19,5,6022,6223,507,12752,35,36,10,8974,15487,5714,30175,Severe
u00213,8,1017,724.5169133,227.543403,426,962,12,1023,762.9846819,206.8408331,503,1020,0,1023,788.8244435,197.4151478,523,1013,6,938,796.276824,140.664317,708,894,235,1023,993.2903226,114.7384925,1011,1023,44,1023,883.435773,162.382751,708,1023,3,1023,740.42863,167.7269787,541,906,27806055,35481977,13,12,18,8878,14221,3520,26645,25,26,48,13214,19169,7282,39665,61,62,4,8510,17929,3279,29718,31,32,66,13940,20172,16185,50297,42,43,5,7013,18347,4754,30114,Severe
u00228,0,945,657.7467213,187.9385006,427,850,0,928,695.2773767,182.2775093,448,868,0,902,607.8957247,177.4374292,347,786,0,518,304.4117647,148.7625534,96,493,302,1023,924.2216749,130.2793462,778,1023,0,1023,695.3075461,201.2265915,439,931,3,1023,611.7616279,164.1139882,397,779,11560115,29781509,11,12,19,10372,9185,5890,25447,21,22,10,8114,12515,4305,24934,64,65,3,7136,14446,974,22556,86,86,77,74829,39626,114456,228911,38,36,12,6201,14235,2796,23232,Severe
u00004,8,885,579.3046272,158.8839606,366,736,4,761,523.1366885,167.3042392,270,679,0,753,407.4116517,163.9651615,164,615,46,448,288.1278195,75.66893533,175,380,49,732,604.7274143,71.22534932,563,679,0,886,492.1149826,200.6572187,236,799,11,726,389.7583445,140.4086852,169,534,9280576,14815381,9,9,6,10034,11707,1103,22857,27,27,9,16908,25277,4092,46290,60,61,5,13367,11762,1105,26234,20,21,2,10161,10808,406,21375,44,39,10,7958,11238,1937,21146,Normal
u00018,13,933,713.6074896,175.2341506,459,894,10,964,617.4485075,203.3955769,342,893,11,1023,742.1653509,194.5167803,504,949,92,930,799.5493562,139.5288822,693,887,146,967,828.4965278,108.186959,753,923,8,794,452.8235294,168.7841497,209,667,35,1023,654.9528796,148.1856809,472,810,14204747,22171288,4,2,3,8425,10816,741,19995,19,20,6,16730,20178,3081,39989,27,28,8,3600,17159,2117,22876,19,19,2,10115,5885,451,16464,16,17,5,4909,12934,989,18832,Normal
u00022,41,1023,859.1455882,168.1496302,686,1023,4,1018,707.1692053,224.5359165,389,952,6,980,611.5832444,174.9787044,386,835,35,754,620.3474936,96.71645244,487,702,324,1023,867.6410923,121.096622,708,1023,5,1023,536.9969766,248.0652396,222,876,16,1023,534.7674538,152.7076418,329,710,21551305,26137932,9,10,21,9482,10234,3199,22915,28,28,22,19906,22733,5772,48424,60,48,22,14863,14015,3141,32032,32,32,24,20324,9972,8896,39205,41,39,13,8207,14634,3438,26279,Normal
u00034,1,878,497.5442122,160.0772153,295,708,1,796,438.7533156,164.772716,188,630,13,876,446.9552789,151.2812632,227,618,24,529,400.1212121,92.25813182,267,491,99,833,660.363786,120.205875,535,758,24,758,497.7506983,177.9634421,258,713,10,836,468.0522936,142.8925309,275,628,15345642,17043234,9,9,11,8500,9357,1564,19434,26,26,8,17767,14187,5356,37323,64,65,3,11917,16339,3155,31411,23,24,10,10512,10790,1763,23065,42,43,3,7344,16414,4385,28143,Normal
u00043,0,419,254.9548822,104.3537679,90,380,0,353,175.0761707,89.86284213,52,296,2,557,279.3461924,125.2585332,104,446,6,401,252.1020613,58.76860244,186,330,17,501,422.5793612,57.7919842,365,476,0,469,254.9442086,116.1248236,89,414,3,508,266.5535181,105.4980297,121,401,10149626,11121705,16,17,20,8754,11188,3978,23920,29,30,27,17458,25399,6114,48971,56,57,16,13810,15044,11768,40622,45,46,51,28936,37234,11392,77562,52,46,30,14282,17610,2885,34777,Normal
u00044,1,401,233.8007075,84.59414406,111,333,0,428,177.3615949,82.5202897,74,268,2,457,183.5716049,88.75285342,70,304,7,455,324.6676961,80.80796117,203,410,50,514,434.4951712,44.14911945,389,481,1,563,235.2941595,159.7493839,55,484,7,877,241.8947368,100.7733023,112,346,10355081,12466548,6,6,9,5012,6372,1829,13213,19,18,33,16848,16410,4416,37700,68,69,13,16676,12214,3404,32294,28,29,124,75240,10603,34765,120608,40,41,7,7376,13300,3448,24124,Normal
u00050,3,683,453.0651907,138.3827492,272,608,2,675,365.2501184,134.6816502,193,537,1,535,287.7295158,103.9876158,157,417,29,411,316.2693083,44.81070556,283,360,45,690,492.4974693,88.11648545,389,606,0,682,315.0658307,145.1276665,128,499,7,539,241.6878161,93.90720681,110,351,12729178,14255413,10,11,22,7728,12238,1687,21653,22,23,25,13891,15899,4068,33858,57,49,15,14999,16113,2118,33243,21,21,23,11108,14411,4531,30063,44,34,22,6790,16293,1503,24599,Normal
u00059,15,763,563.5200974,129.6717692,435,713,0,599,334.2427608,144.7353077,141,545,8,631,369.6246607,125.3107242,176,510,0,407,236.6354366,103.0010324,47,342,27,649,515.4450867,104.6491913,390,627,10,541,286.0567308,124.983447,115,471,0,754,350.2622222,105.0374998,208,468,25416553,34939225,2,3,1,1368,12348,47,13763,28,28,23,17399,18973,1974,38359,65,62,14,16921,19397,1959,38277,22,23,17,8903,7837,4481,21221,21,21,15,6160,15237,1840,23237,Normal
u00092,2,499,362.1963746,109.9770353,204,472,0,456,236.9064748,109.3404598,77,370,3,517,264.5771847,103.0750054,113,389,16,331,224.5995836,50.3043374,163,296,27,534,343.5598394,86.55922267,230,454,1,484,270.1597444,105.3718724,131,429,0,412,131.8700427,87.38324958,26,259,14214053,40460229,8,8,7,7570,7462,547,15592,30,30,35,18262,11514,2914,32690,79,80,22,18060,14410,4545,37015,29,30,22,11260,11786,4114,27160,63,59,18,10245,12310,3322,25890,Normal
u00116,8,1023,844.744907,219.1257948,534,1023,7,1023,759.9177293,216.7565052,499,1002,8,931,539.9237861,187.3189828,251,745,178,1009,922.5933529,73.47139461,881,980,342,1023,1004.675152,61.62495141,969,1023,6,1023,721.6262069,256.4132402,376,1023,2,1023,623.8892478,151.2129283,441,779,5829092,13052636,10,11,9,4744,8493,1968,15205,27,28,26,12560,18307,5175,36042,53,53,6,11123,12235,2273,25644,22,22,17,13477,10908,4272,28670,43,44,15,7950,16313,4113,28376,Normal
u00129,4,522,358.5439883,130.1550368,138,483,0,532,341.7360595,121.5781015,158,485,0,697,427.2428862,127.8243821,243,560,23,574,414.4112903,126.8923825,235,561,81,624,544.3081761,82.47652947,482,612,0,679,480.0217391,119.2760628,340,600,0,649,443.4036574,121.7512803,276,569,11782324,14011650,10,11,15,7994,5148,1662,14804,26,26,14,13728,14175,3794,31710,63,40,26,17625,14623,8261,40522,24,25,16,12549,13165,11961,37675,60,61,10,17092,16902,5667,39661,Normal
u00166,7,1023,845.8942065,206.3427257,500,1023,18,1023,847.4498626,186.9818822,619,1023,17,1023,843.645099,201.6432639,555,1023,44,782,671.5592635,80.53592236,608,740,29,1023,984.7924971,65.02094527,934,1023,8,1023,879.8896592,177.5000968,697,1023,8,1023,839.5985677,172.7814549,636,1023,16857634,26391387,4,5,5,2158,5979,867,9004,15,15,15,5844,10951,1761,18569,59,60,5,11423,15594,6462,33479,24,25,22,8309,13033,3651,24993,49,47,15,11296,19940,4838,36113,Normal
u00188,1,842,694.0286436,123.5726706,527,780,0,836,524.1419894,178.4160324,224,699,0,695,422.1390449,139.0922153,205,567,18,578,482.2796243,108.1335199,429,558,0,824,724.1247723,80.15909378,674,799,5,826,576.963017,160.2182956,386,740,0,660,434.0829088,130.3244653,247,576,22842259,20143558,1,2,1,1210,8926,724,10860,19,19,24,10604,19826,6389,36832,51,52,3,9474,16076,1750,27300,21,22,12,8948,15478,8054,32480,41,42,6,9490,16260,2015,27765,Normal
u00198,3,732,401.6863799,149.5785229,170,572,5,779,456.8586265,165.8427442,249,678,4,946,573.3741044,179.4388042,312,778,68,774,642.6601942,123.5182659,521,746,98,660,449.688,87.92999562,396,564,6,1013,595.6000755,222.6577091,315,898,7,1023,700.6224299,185.9503784,449,901,21679775,25610409,9,9,9,11274,4191,1610,17075,37,38,30,25540,22477,4635,52652,61,62,6,17822,14729,280,32831,33,33,39,23595,19933,4776,48317,37,37,14,12584,16101,1576,30274,Normal
u00204,6,779,496.1628722,192.0921556,175,703,0,905,573.9855528,193.4274643,309,786,19,922,586.2554974,167.9585548,356,764,6,433,299.6823105,94.44901322,179,398,246,1023,942.9034091,131.8607351,851,1023,5,897,541.4602076,172.9179301,322,746,5,951,481.0315508,138.691001,302,640,15952868,12400672,14,15,14,9131,4305,1253,14689,31,32,19,14867,11996,4172,31035,71,72,6,16986,14397,1633,33016,21,22,17,12686,8706,5940,27332,59,60,24,20522,14098,7391,42011,Normal
u00216,0,1023,823.4227799,220.1153407,516,1005,0,1023,793.1435935,223.7863298,505,1005,0,868,505.7102455,165.1149637,291,702,18,841,616.9406528,139.9304761,505,781,43,1023,923.005618,156.3160395,774,1023,0,1016,601.8559126,228.1999695,318,931,0,1023,511.9115839,144.9349648,371,677,11369089,38831551,14,15,16,10059,11698,4856,26613,31,30,36,23928,30638,11836,66428,55,56,11,13558,14118,11127,38803,67,68,23,34703,22747,18016,75466,29,29,10,5433,15906,7116,28468,Normal
u00226,5,802,652.4724596,143.0055676,498,777,0,917,697.4763362,172.5525382,486,864,0,1023,730.1421999,196.183425,447,914,45,817,707.3970696,113.5209839,545,793,82,1023,900.230179,107.7372842,802,1023,0,1023,760.4799814,162.4196084,587,937,0,1023,686.6814371,183.0974572,451,866,14962723,17162557,9,9,7,10246,15838,1369,27466,31,30,27,24021,36875,4866,65788,60,61,8,18759,18020,7134,43913,37,36,34,37372,48486,45412,131283,55,55,16,19430,18865,5717,44025,Normal
u00231,36,1023,880.6418473,162.7065891,565,1005,0,1023,764.0164878,198.4624709,512,989,0,1023,714.1371539,197.9775305,478,921,63,688,470.310962,120.1169626,322,623,116,1023,857.0815451,190.1432474,560,1022,0,1023,662.8478105,216.5905962,397,937,0,943,709.2626728,146.2538045,515,861,20818240,26828455,2,2,4,4216,15941,1537,21707,20,18,14,18532,28731,3338,50601,68,69,11,16578,23395,16405,56378,52,50,33,31567,20951,24498,77042,34,35,9,6279,16337,7510,30126,Normal
